director_id,director
145605,Harry Beaumont
16590,Sheldon Lettich
17825,Shawn Levy
26767,Ringo Lam
48498,Mickey Liddell
1354171,Henry Hobson
71570,Justin Chadwick
32593,Steven Brill
2034,Danny Boyle
123913,Nicolas Bonilauri
63820,Christian Ditter
492,Janusz Kamiński
1027738,Donovan Cook
558177,Jonathan Newman
104507,Steve Gomer
141706,Chuck Sheetz
21905,Danny Pang
1375066,Stuart Ortiz
1454884,Cedric Nicolas-Troyan
135534,Léa Pool
72205,Shari Springer Berman
84834,Trevor Moore
64114,Edward Dmytryk
102797,Robert Marcarelli
140086,Matt Cimber
11429,Hamilton Luske
92287,Alex Craig Mann
11426,Ben Sharpsteen
110834,John Murlowski
56263,Mary Lambert
24757,Sylvio Tabet
52599,Justin Zackham
33316,David Nutter
928915,David Gelb
1349420,Christine Cynn
455,Paul Haggis
84124,Tina Gordon Chism
1557430,Chad Kapper
58178,David Mirkin
1461,George Clooney
107168,Stephen Kijak
865,Michael Bay
11037,Lukas Moodysson
105239,Stuart Hazeldine
62797,John Gulager
56591,Danny Leiner
110726,Joseph Green
7397,Ed Decter
66823,Joseph Kahn
18311,Joe Roth
70579,Serdar Akar
89395,Katherine Dieckmann
21792,George Gallo
1006810,Vladlen Barbe
131870,Daryl Wein
74152,Christine Jeffs
113733,Britt Allcroft
13265,Franklin J. Schaffner
20674,Thomas Langmann
65702,Kent Alterman
1424432,Johanna Schwartz
31093,Yvette Kaplan
64139,Joshua Michael Stern
108072,Ruba Nadda
4522,Caroline Link
14875,Robert Rossen
11558,Eugène Lourié
10781,Michael Apted
34481,Matt Williams
133259,Arthur Hiller
64575,Laurent Tirard
844266,Jon Erwin
137475,Richard J. Lewis
225976,Dan Scanlon
119819,Anurag Basu
36083,Kevin Allen
12786,Simon West
13235,Alexander Payne
550280,Anna Muylaert
20218,Eric Bress
53267,Craig Brewer
33064,Henry Koster
54526,Paco Plaza
134129,Benny Boom
6163,Adam Goldberg
67767,Hal Needham
10995,David Hayter
107414,Philip Saville
193390,Jon Matthews
2917,James Whale
1046142,Benson Lee
100036,D.W. Griffith
144519,Gilles Paquet-Brenner
52358,Boaz Yakin
7396,Peter Farrelly
66604,Joe Charbanic
564082,Francesca Gregorini
15812,Roger Allers
66654,Kevin Donovan
468,Stephen Daldry
17608,Rowan Joffe
128712,Laurent Bouhnik
1085904,Ramaa Mosley
61921,Courtney Solomon
4319,Stacy Peralta
53296,Joshua Oppenheimer
261271,Maurice Joyce
34110,Oren Moverman
58712,Steve Miner
47974,Bob Spiers
3227,Steve Pink
77273,Siddiq Barmak
145045,Robert Heath
11676,Mark Pellington
12238,David Lean
20766,Richard E. Grant
15148,Jon Amiel
99496,Raymond De Felitta
11777,Tommy Lee Wallace
70100,Shinji Aramaki
544748,Caryn Waechter
1085923,Dror Moreh
95723,Richard Wallace
285452,Pete Jones
80384,Paul Andrew Williams
587800,Todd Lincoln 
66777,Bob Fosse
18250,Jon Avnet
59466,Jamie Babbit
23858,Harley Cokeliss
78029,Martin Lawrence
1174438,Ian Gamazon
586002,Andrew Haigh
22100,Hugh Johnson
101542,Ti West
103031,Eric Nicholas
1116801,Sue Corcoran
71527,Marco Schnabel
933739,Zal Batmanglij
29524,Rand Ravich
58514,Jim Sonzero
37627,Dany Boon
71729,Steve Martino
1224,Ethan Coen
15378,Carol Reed
19006,Rachel Grady
6400,Tom DiCillo
71871,Sergei Bodrov Jr.
111686,Jim Field Smith
2589,Terry George
9048,Clark Gregg
52779,Ryan Murphy
2876,Matt Dillon
7395,Bobby Farrelly
13615,Harry Elfont
86195,Peter Merwin
1070682,Fernando Baez Mella
1414864,Mor Loushy
73289,Conor McPherson
77465,Ash Baron-Cohen
140354,Ulu Grosbard
7313,Steve Box
29705,Jerry Belson
239574,Eugenio Derbez
71901,Douglas Aarniokoski
4600,Joe Dante
65615,Wych Kaosayananda
54472,Martin McDonagh
1360439,Collin Joseph Neal
5469,Ralph Fiennes
16566,George P. Cosmatos
5572,Joel Schumacher
6778,John Guillermin
12995,Marc Forster
56512,Tarsem Singh
129941,Alan Shapiro
77775,Marianna Palka
938649,Amanda Gusack
9778,Ice Cube
57055,Mitchell Lichtenstein
118463,Peter DeLuise
10400,Barbra Streisand
13614,Deborah Kaplan
29648,Dan Curtis
15663,Joseph Sargent
86482,Mark Tonderai
64754,Andrew Currie
58897,Sam Fell
11181,Kenneth Branagh
41621,Tony Krantz
220274,Patrick Meaney
1149038,Duane Journey
1284099,Gillian Robespierre
1090,John McTiernan
53120,James DeMonaco
56578,Jeff Tremaine
1187609,W.D. Hogan
115892,Jehane Noujaim
68844,Hayden Schlossberg
23393,Barbet Schroeder
1223,Joel Coen
53176,John Gatins
107730,Tran Anh Hung
18184,Xavier Gens
58518,Blair Hayes
44056,Fred Dekker
58072,John Pasquin
1139506,Florence Ayisi
1156260,Brad J. Silverman
1200528,Claudia Sainte-Luce
19012,Davis Guggenheim
45117,John Carney
117052,Jorge Blanco
80691,Gary Chapman
86035,Maria Maggenti
37577,Bigas Luna
86194,James Sbardellati
57154,Lance Hool
68457,James Frawley
1614,Ang Lee
31119,Sylvain White
26648,Luis Llosa
72757,Steve McQueen
57142,Andrew Marton
578,Ridley Scott
957,Matthew Vaughn
42952,Michael Burke
30715,Terrence Malick
11873,Roger Kumble
78108,Isaac Florentine
133790,Michael D. Olmos
2710,James Cameron
1032,Martin Scorsese
58912,Matthew Hastings
35694,Jason Friedberg
8636,Cecil B. DeMille
69696,Daniel Algrant
940807,Jorge Ramírez Suárez
85563,Brian Herzlinger
78866,John H. Lee
25236,Johnnie To
40307,John Maybury
93214,Steven Quale
1039527,Tyler Gillett
1031144,Chad Hartigan
103602,Mabel Cheung
1211000,Tom Gormican
110873,Igor Kovalyov
72024,Malcolm D. Lee
119953,Gabe Ibáñez
26775,Liu Chia-Liang
35689,Keenen Ivory Wayans
7348,Carlos Carrera
74062,Marcos Siega
942251,Rachel Perkins
126599,Vincent Patar
56953,Gene Quintano
25598,Paul Greengrass
929917,Lee Sternthal
5713,Chris Wedge
56501,Michael Spierig
30458,Henry Bean
88970,Ralph Ziman
52044,David Winning
42,Lars von Trier
57138,Tony Bill
20657,Cristian Mungiu
893,Tony Scott
76927,Tommy Wirkola
18323,Marc Lawrence
36697,Gábor Csupó
57557,Christian Volckman
57125,Greg Marcks
122728,Charles Matthau
85675,Rajkumar Hirani
157879,Alison Maclean
73112,John Simpson
55075,Jeff Wadlow
1032103,Rakesh Roshan
1171387,Thomas L. Phillips
2408,Jamel Debbouze
1158156,Marcos Martínez
45052,Anton Corbijn
116100,Richard Williams
42175,Richard Stanley
525,Christopher Nolan
123694,Rob Pritts
16391,Julie Taymor
13524,Christopher Guest
72543,Sam Firstenberg
77147,John Erick Dowdle
449832,Hayley Cloake
194915,Robert Bennett
151460,John Sullivan
35453,Pierre Morel
558559,Al Silliman Jr.
58094,Gillian Armstrong
65420,Louis Morneau
4762,Paul Thomas Anderson
1788,Nicholas Meyer
27226,Patrick Lussier
9198,Vincent Ward
140372,David Palmer
80006,Jon Knautz
1088096,James Nunn
2239,Anthony Minghella
202,Charlie Kaufman
132239,Babak Najafi
155531,Joe Cornish
58040,Bruce Malmuth
17281,Mike Hodges
36588,Joe Wright
43673,Tom Reeve
556172,J.C. Chandor
17114,John Cameron Mitchell
21673,Ericson Core
66681,Matt Bettinelli-Olpin
1748,William Shatner
51534,Lucky McKee
21305,Lloyd Bacon
1434686,Scott Dow
1867383,Rohit Jagessar
17397,Callie Khouri
81328,Andrew Traucki
15811,John Musker
1476699,Nicolae Constantin Tanase
86688,Levan Gabriadze
42518,Peter Care
1128550,Timothy Hines
1002001,Frank Lotito
57630,Peter Cattaneo
43518,Lawrence Kasanoff
81853,Shigeyasu Yamauchi
82033,Jon Hess
5216,Gus Van Sant
68212,Carroll Ballard
228,Ed Harris
78485,Jeff McGrath
1109245,Digby Cook
3290,Peter Hedges
108,Peter Jackson
1191051,Blair Erickson
146884,Sandra Fierlinger
88506,Joel Paul Reisig
557179,Ed Gass-Donnelly
11343,David Yates
23677,Joe Pytka
55421,Betsy Chasse
85925,Hilary Brougher
66857,Arthur Qwak
7270,Adrian Lyne
130858,Danny Perez
57130,Todd Phillips
23590,David LaChapelle
59923,Marc Forby
1011158,Florent-Emilio Siri
567559,Kurt Engfehr
116653,Lance Mungia
17845,Michael Meredith
123150,Mike van Diem
12846,William A. Fraker
79726,John D. Hancock
1039544,Nnegest Likké
1184745,Joe Marino
75919,Hal Haberman
1577,Richard Kelly
6038,Greg Strause
2176,Tommy Lee Jones
37362,Henry King
53334,Jim Sheridan
56956,Michael Cohn
70076,Russell Friedenberg
61357,Geoffrey Sax
56411,Glenn Ficarra
229931,Asghar Farhadi
1214860,Linda Mendoza
32278,Matt Reeves
12114,Michael Cimino
3964,Patrick Tatopoulos
76595,Byron Howard
4453,Thomas Vinterberg
54734,Evan Goldberg
2163,Richard LaGravenese
930707,Colin Trevorrow
13,Albert Brooks
3224,Stephen Frears
21053,John Dahl
80924,Björn Stein
88077,Alex Zamm
67753,Mark L. Lester
5367,Zach Braff
6818,Werner Herzog
57521,Steve Beck
1184450,Sut Jhally
57832,Daniel Lee
84962,Stiles White
146026,D. Stevens
26875,Hideo Nakata
55587,Peter Stebbings
1283831,Antonio Simoncini
4780,Wolfgang Becker
13899,G.W. Pabst
1044256,Lisanne Pajot
93136,Charles Binamé
94220,Àlex Pastor
33541,Mark Christopher
56375,Amat Escalante
1103,Bill Duke
2127,James Wan
14409,David Schwimmer
59841,Matt Walsh
224,David Cronenberg
70415,Tony Maylam
19228,Jim Fall
35785,Siddharth Anand
11266,James McTeigue
1243,Woody Allen
40,Orson Welles
19841,Mateo Gil
231345,Romesh Sharma
1102620,Christopher Bessette
31024,Betty Thomas
7911,Joe Ranft
64045,Kirk Jones
138781,Robert Eggers
6449,Warren Beatty
549971,Maryam Keshavarz
16305,David Levien
52961,Dennis Gansel
16853,Jessie Nelson
67316,Masayuki Ochiai
66218,Jennifer Flackett
2380,David Carson
1454564,Mario Miscione
66191,Barry Cook
33254,Jim Gillespie
44113,Steve Hickner
66728,Jonathan Glazer
71339,Rick Bieber
2778,Dennis Hopper
1523137,Robert Fontaine
1434676,Terron R. Parsons
557818,Jonathan Kesselman
17812,Gregory Hoblit
59126,Alister Grierson
12962,Jon Turteltaub
91268,Ruben Fleischer
5656,Noah Baumbach
1343876,Sai Varadan
82641,Paul Fox
1300274,Jason Zada
33542,Harald Reinl
22461,Vincent Gallo
131521,Spencer Susser
113907,Ian Sharp
56195,Ole Christian Madsen
6431,Darren Aronofsky
142312,Jennifer Yuh Nelson
94075,David Soren
16785,Peter Webber
15602,Fernando León de Aranoa
56789,Thomas Bezucha
58547,Niall Johnson
96677,Nora Twomey
16860,Miranda July
12640,David Duchovny
120426,Feroz Abbas Khan
15890,James Foley
141825,Rusty Cundieff
54733,Greg Mottola
4967,Colin Higgins
75882,S.R. Bindler
109640,Doug Atchison
607,Zhang Yimou
66563,Fred Wolf
22423,Herb Freed
41550,Andrew Bergman
78298,Mike Nawrocki
81856,Nicholas Jarecki
1387618,John Stephenson
17350,Kevin Macdonald
8500,John Ford
92743,Jamin Winans
63713,Martha Coolidge
53304,Peter Lord
141450,Mel Smith
33341,Rick Rosenthal
94918,Daniel Barber
2836,Kimberly Peirce
9789,Robert Altman
57436,Christopher Leitch
190,Clint Eastwood
57607,Stephen Chow
16888,Ralph Nelson
1343882,James Manera
21681,Nobuhiro Suwa
130358,Éric Tessier
9281,Elizabeth Banks
631226,Arjun Sablok
154,Walter Murch
59649,Michael Pressman
1137903,Sam Taylor-Johnson
33485,Ron Underwood
54025,Karyn Kusama
95458,Gary Hardwick
20640,Chen Kaige
1232592,Chris Eyre
54441,James Ivory
1219769,Peter Cousens
109695,Jeffrey W. Byrd
46802,George Ratliff
115585,Richard Boddington
39,Sam Mendes
5655,Wes Anderson
121473,Jamal Hill
1723,Walter Hill
7879,John Lasseter
61111,Tara Subkoff
7191,David Webb Peoples
23968,Phil Alden Robinson
1152,Oliver Stone
937340,Harold Cronk
19271,Anthony Russo
68843,Jon Hurwitz
208113,Sarah Smith
142276,Ariel Schulman
16919,Olivier Dahan
229374,Marilyn Agrelo
968303,Javier Abad
44114,Simon J. Smith
8876,Randal Kleiser
57492,Morgan Spurlock
59975,Michael D. Sellers
77964,Mike Barker
130816,Jesse Peretz
15557,Bill Condon
65530,Mike Gabriel
168667,Jason Moore
1044,Michael Chapman
161932,Jim Rash
124747,Pierre Coffin
115677,Coky Giedroyc
58689,Neil LaBute
7017,Roger Michell
10001,William Wyler
54644,Joel Zwick
11435,Howard Hawks
2945,Stephen Gaghan
90492,Lynn Shelton
111745,Frank Sebastiano
66800,Morgan J. Freeman
64796,Tom Holland
88142,Vipul Amrutlal Shah
6720,Joan Chen
12987,David Zucker
14911,Penny Marshall
8300,Kevin Reynolds
14520,John Sturges
2460,Randall Wallace
10051,Tobe Hooper
2662,Frank Capra
143059,Patrick Hughes
28741,Michael Rymer
12920,David S. Ward
69801,Alan Metter
10765,Andrzej Bartkowiak
168798,Josh Schwartz
57113,Dan Gilroy
1040955,Valeri Milev
29922,Marcus Nispel
58036,Kirk Wong
1051654,Macha Makeïeff
585272,Adam Rapp
41671,Nimród Antal
66222,James Fargo
14855,Frank Borzage
14086,Sajid Khan
1378892,Jerry Dugan
56412,John Requa
50651,Takao Okawara
78118,Vadim Perelman
60149,Nicholaus Goossen
1124971,Mariette Monpierre
92837,Jon Schroder
229568,Lisa Azuelos
21769,Bruno Podalydès
3110,Allison Anders
13426,Peter Segal
78012,François Girard
68215,Reginald Hudlin
228311,Keith Parmer
57898,William Malone
101666,Paul King
57885,Michael Wadleigh
74436,Olly Blackburn
7,Andrew Stanton
12891,Joss Whedon
57646,Henry Selick
52609,Breck Eisner
60045,Eric Bross
168349,Shane Dawson
75035,Olivier Megaton
1096867,Thea Sharrock
1409418,Tuck Tucker
52576,José Padilha
131668,Nathan Frankowski
11434,Wilfred Jackson
67813,Baltasar Kormákur
24173,Mike Binder
11011,Zak Penn
72320,Xavier Beauvois
56154,Antony Hoffman
1366270,Wade Gasque
15488,Ken Loach
1555903,Étienne Faure
67106,Robert Sarkies
7409,J.B. Rogers
933320,Eldar Rapaport
63477,Ryan Little
141169,Sngmoo Lee
87296,Raja Menon
87360,Michael Taliferro
54584,Jesse Dylan
55299,Mark Herman
17520,Cédric Klapisch
177532,Marielle Heller
57691,Tamra Davis
51600,Clare Kilner
93047,Joshua Seftel
94917,Mitchell Altieri
19840,Alejandro Amenábar
72960,Alejandro Monteverde
72206,Robert Pulcini
133293,Paul Bolger
102634,Katt Shea
57207,Tony Jaa
10930,Irvin Kershner
151175,Pascal Hérold
1312905,Rohit Jugraj
133398,Quentin Dupieux
1324172,Jeremy Degruson
12824,Don Hahn
17871,John Hamburg
120245,Daniel Stamm
66548,Paul Weiland
73668,James Melkonian
280,Terry Gilliam
185,Katsuhiro Ōtomo
129952,Sean McNamara
930212,Jon Erwin 
52842,Garth Jennings
56891,Rachel Talalay
28902,Gregory Widen
1448550,Sara Newens
16395,Gregory Nava
53332,Frank Passingham
1199049,Anthony Silverston
29214,Anne Fletcher
114596,Jake Goldberger
1372345,Sadyk Sher-Niyaz
1314011,Nathan Smith Jones
31120,Robert Adetuyi
6046,Roland Emmerich
638,Michael Mann
27991,Stuart Gordon
1395853,Mauricio De la Orta
17295,Ning Hao
142513,Emma-Kate Croghan
49903,Tim Hill
228134,Rupert Sanders
63983,Roger Nygard
55520,Nae Caranfil
15531,Ossie Davis
1150877,Maksim Sveshnikov
510,Tim Burton
33183,David Bowers
12905,Ash Brannon
566314,Brian Caunter
229962,Mike Thurmeier
225887,Michel Leclerc
8296,Christophe Gans
125324,William Eubank
232190,U. Roberto Romano
135650,Melvin Van Peebles
8685,Andrew Niccol
129715,Agnieszka Wojtowicz-Vosloo
130687,Erik White
53069,Anna Boden
151092,Eric Eason
18868,Jerome Robbins
89981,László Benedek
23964,Gary Ross
73460,Saul Dibb
143430,Ham Tran
16834,Allen Coulter
228797,Richard Kwietniowski
2226,Sydney Pollack
55439,Patricia Rozema
4786,Richard Attenborough
9894,Bernhard Wicki
116000,Svyatoslav Ushakov
12988,Paul Michael Glaser
5292,Denzel Washington
1346215,Lluís Quílez
54240,Tamara Jenkins
69099,Dan Ireland
69144,Scott Marshall Smith
4760,Deepa Mehta
19969,Pat O'Connor
86262,Michael Kang
474199,Alex Ranarivelo
486,Wallace Wolodarsky
20739,Adam Shankman
64131,Courtney Hunt
1401542,Chris Lofing
45996,Ryûhei Kitamura
11431,Ford Beebe
37948,Brad Anderson
54795,Troy Duffy
204325,Jay Alaimo
1023720,Johnny Remo
2765,Nicholas Ray
58552,Burr Steers
11427,William Roberts
105313,James Mottern
21981,Harald Zwart
84981,Brian Trenchard-Smith
47893,Gary Nelson
1375627,Sharon Greytak
1,George Lucas
65865,Damien O'Donnell
228643,Morgan Neville
12708,Peter Billingsley
20629,George Miller
47201,Emily Young
15361,Josef Rusnak
120615,Tom Ford
109905,Lance Kawas
1115066,Molly Bernstein
101515,Robinson Devor
80307,Andy Cadiff
44916,Stanley Tong
303056,Craig Johnson
5714,Carlos Saldanha
4387,François Ozon
66605,Todd Solondz
8858,Ivan Reitman
109026,Piyush Dinker Pandya
87191,Billy Kent
70573,Paul Hunter
17046,Gary Winick
108952,Mike Disa
110427,Kriv Stenders
1438306,Lijun Sun
33036,Roland Suso Richter
145169,Martyn Pick
1027145,Andrew J. Smith
11983,Alain Resnais
40199,Anthony Mann
95024,Bobcat Goldthwait
84736,Ivan Passer
71042,Jay Levey
90812,Scott Mann
79656,John Schultz
5045,Dan O'Bannon
151017,Stevan Mena
1927,Blake Edwards
224751,Khalid Mohammed
4945,Joe Johnston
59,Luc Besson
66517,Andrew Jacobson
1290942,Benni Diez
82840,Dana Adam Shapiro
24294,Ben Younger
1241,John Turturro
95818,Eric Blakeney
56735,David Moreau
1726,Steven E. de Souza
26713,Chuck Russell
84113,Charles Robert Carner
1884,Steven Soderbergh
1517664,Natalie Bible'
237393,James Bidgood
23287,Andrew Jarecki
1551346,Matthew Robinson
18635,Ted Post
95550,Avi Nesher
110876,Rachel Goldenberg
65390,Scott Kalvert
1670361,Catherine Owens
1172908,Andrés Couturier
8574,Walter Salles
585161,David Oelhoffen
173607,Bruce Paltrow
58375,Andy Fickman
53178,Mike Tollin
3632,Richard Brooks
1223224,Lee Matthews
1038,Jodie Foster
71797,Alex Gibney
56660,Lorna Cook
146275,Joseph Graham
69593,Michael J. Bassett
77269,John Crowley
22669,Julien Temple
190339,Ian Iqbal Rashid
40508,James Cox
100516,Max Mayer
17698,Nancy Meyers
1174437,Neill Dela Llana
1141683,Theodore Melfi
120515,Theodore Witcher
10707,Terry Jones
16959,Jonathan Dayton
1110102,Michael Tiddes
1724,Roger Spottiswoode
1496406,Yuefeng Song
112289,Chris Shadley
223909,Hue Rhodes
307546,Jim Hanon
71923,Shane Acker
588701,Des McAnuff
819,Edward Norton
1148217,Analeine Cal y Mayor
87742,Marc Webb
7187,Richard Donner
19003,Heidi Ewing
113600,Susanna White
74299,Pixote Hunt
971918,Tyler Oliver
93592,Jérôme Deschamps
85006,Kang Woo-Suk
162102,Myles Berkowitz
24,Robert Zemeckis
150003,Graham Heid
59026,Peyton Reed
84931,Michael Cuesta
56502,Peter Spierig
131856,Ashish R. Mohan
1030160,Richard Raymond
22239,Travis Zariwny
2199,Scott Frank
12989,Andrew Davis
1769,Sofia Coppola
111944,Bobby Roth
65531,Eric Goldberg
44847,David Anspaugh
62556,Fred Walton
65855,Ralph Zondag
20030,Jacques Perrin
93419,Don Scardino
140151,William Bindley
229198,Russell Holt
62047,Gary Trousdale
28898,Michael Radford
60099,Gideon Raff
814,Tony Kaye
1164825,Gene Teigland
21677,Barnaby Thompson
1144092,Matt Johnson
239571,Carl Rinsch
15045,Michael Lembeck
554900,Clark Baker
30365,Michael Caton-Jones
439236,Zackary Adler
61848,James Dodson
13079,Gavin Hood
11401,John Woo
70703,Teddy Chan
5010,Todd Field
5690,James Algar
64030,Kelly Makin
160,Eytan Fox
62048,Kirk Wise
2209,Jan de Bont
19303,Kevin Smith
70500,Tom Hooper
27436,Costa-Gavras
29009,Ken Kwapis
1642,Jean-Marc Barr
36422,Luke Wilson
974,Dexter Fletcher
16730,Darrell James Roodt
40345,Don Bluth
41549,Andrew Fleming
55116,Joe Chappelle
1280031,Mona Lerche
2690,Peter Weir
19684,Bille August
12523,Rob Bowman
12936,Jim Abrahams
20192,Brian Taylor
8559,Kátia Lund
1352997,Kabir Sadanand
1385666,Rita Merson
229097,Lionel C. Martin
75687,Christian Robinson
102445,John Sayles
17633,Rob Marshall
15780,Dan St. Pierre
119665,Gregory Jacobs
10367,John Waters
66942,Holger Tappe
131242,Anthony Bell
2053,Bill Paxton
64856,Michael Jai White
1708905,Pece Dingo
51298,Dax Shepard
129716,Julio DePietro
2178,Forest Whitaker
52941,Rob McKittrick
930629,Jamie Travis
1176,Lone Scherfig
27728,Leslie H. Martinson
9039,John Ottman
508,David Koepp
47364,Greg Coolidge
1577521,Manuel Marín
56474,Shona Auerbach
95687,Robert Kenner
112632,Eddie O'Flaherty
26760,Tsui Hark
567558,Joe Cross
948217,Bill Benenson
35452,Corey Yuen Kwai
35595,Scott Foley
114614,David Nixon
1504620,Giovanni Zelko
17167,Andy Tennant
150,RZA
229182,Andrew Leman
93301,Jun Falkenstein
9054,Mervyn LeRoy
240,Stanley Kubrick
31074,Kinji Fukasaku
58316,John Fortenberry
137392,Nickolas Perry
76624,Shane Carruth
7145,Michael Lehmann
32277,Geoff Murphy
69579,James Isaac
1460398,Kristin Rizzo
12524,Chris Carter
70221,Christian Carion
82579,Kevin Tenney
58656,Doug Lefler
18357,Peter Hewitt
10076,Lewis Gilbert
11012,Michael Dougherty
57581,Neil Marshall
36425,McG
20237,Beeban Kidron
240150,Derek Yee Tung-Sing
1170143,Remo D'Souza
19346,Niels Arden Oplev
33279,Danny Cannon
1398500,Tadeo Garcia
1062889,Bill Muir
114004,Noah Buschel
69371,Jean-Marc Vallée
32868,Erik Canuel
41530,Nick Love
79434,Craig Zobel
21278,Alan Alda
37932,F. Gary Gray
48965,Anthony Hickox
113799,Frank Perry
84714,Juan José Campanella
12453,Wong Kar-wai
52701,Fergal Reilly
52159,James D. Stern
73832,Jessy Terrero
57173,Jeff Lowell
107447,Michel O. Scott
6648,Ingmar Bergman
99240,Stephen Langford
1270,Charles Martin Smith
1499089,Tom Sanchez
64152,Robert Stevenhagen
16513,John G. Avildsen
232858,Sarik Andreasyan
42745,Steve Antin
21526,Rod Lurie
135601,Troy Nixey
4135,Robert Redford
230157,Dominic Burns
16847,Eli Roth
53212,David Jacobson
239418,Darren Stein
7930,Jan Pinkava
138857,Jacques Cluzaud
4746,Robert Lorenz
144277,Fina Torres
18889,Mic Rodgers
58245,Don Coscarelli
20193,Mark Neveldine
134639,Jim Goddard
86203,Bart Freundlich
836732,Jake Schreier
62863,Jorma Taccone
71082,Andrea Arnold
65677,Don Mancini
114546,Ralph Etter
54559,Christian Alvart
136345,Sean Byrne
80923,Måns Mårlind
323,Curtis Hanson
172,Michael Winterbottom
74063,Daniel Taplitz
74297,Hendel Butoy
60129,Susan Stroman
53925,Jared Hess
876,Jonathan Hensleigh
72427,Alan Rudolph
84451,Leon Ford
29433,Lucio Fulci
65629,Bibo Bergeron
27005,Don Michael Paul
1192754,Peter Landesman
1046935,Kim Longinotto
4499,Tom Shadyac
1253596,Simon Napier-Bell
1269,Kevin Costner
66203,Moustapha Akkad
54040,John Lee Hancock
3893,David S. Goyer
77911,Deb Hagan
64909,Jean-Marie Poiré
34891,Mike Johnson
44848,Angelo Pizzo
8246,Barry Levinson
161858,David Raynr
83198,Allan Arkush
42994,David Dobkin
1088647,Maggie Carey
84833,Zach Cregger
51996,Brian Klugman
151232,Wil Shriner
5133,Bo Welch
52856,Hunter Richards
1262481,Alessandro Carloni
8297,Roger Avary
38131,Sergey Bondarchuk
9855,Terence Young
45405,Jay Duplass
87183,Mark Young
18878,Rob Cohen
1113116,Andy Muschietti
8328,John Milius
3417,Tony Goldwyn
82222,Emmett Malloy
40223,Joe Carnahan
21198,Peter Sohn
86439,Norton Virgien
997560,Brett Winn
7671,Jeb Stuart
82413,Jack Conway
233519,James David Pasternak
774,"Daniel Petrie, Jr."
57270,Robert Schwentke
78481,Hans Canosa
23213,Harold Becker
115999,Inna Evlannikova
130938,Sergei Bodrov
60243,Rob Schmidt
78997,Leon Ichaso
105643,Jay Oliva
92935,Don Kempf
5058,Roger Christian
1108711,John Laing
33054,Keith Gordon
77919,Tim McCanlies
3026,Rob Reiner
41378,Kerry Conran
143217,张立 | Zhang Li
232937,Cheryl Dunye
88039,Steven R. Monroe
11649,Cameron Crowe
10491,Paul Verhoeven
1169157,Timothy Woodward Jr.
488,Steven Spielberg
9868,Peter R. Hunt
74159,Robert B. Weide
8844,Lawrence Kasdan
185995,Michael Walker
1134201,Edward Hall
21031,Alejandro Agresti
42274,Nick Hurran
65190,Philip G. Atwell
22140,Kari Skogland
66512,Tom Brady
5125,Fatih Akin
2171,Griffin Dunne
932013,Deryck Broom
18864,Tom McGrath
2260,Steven Zaillian
47503,Nancy Walker
13927,Kurt Wimmer
42092,Benedikt Erlingsson
3111,Alexandre Rockwell
98521,Floria Sigismondi
1521130,Andrew Steggall
74589,Chris Paine
68994,Ron Fricke
144528,Bruce MacDonald
1434341,Jim Issa
63550,Tom McLoughlin
15775,Kevin Lima
50942,Gregory Poirier
155267,Christopher Miller
558540,Mike Bruce
53599,Andrew Morahan
19000,Wayne Kramer
56736,Xavier Palud
40541,Andrea Di Stefano
126945,Brian Percival
19274,Seth Rogen
20307,Joachim Rønning
30165,Mark Sandrich
116370,Matthew Diamond
2679,David Hackl
5953,Spike Jonze
86164,Mitch Davis
16848,Rob Zombie
930710,James Ponsoldt
61847,Ethan Maniquis
134156,Sam Miller
4037,Ron Shelton
1035,Paul Schrader
76998,James Marsh
43439,Scott Ziehl
75043,Peter Flinth
36602,Peter Berg
1707,Stuart Beattie
5501,Gary Fleder
99710,Vidhu Vinod Chopra
1196522,Jeffrey St. Jules
58251,Elaine May
8392,Pascal Chaumeil
1339129,Gnana Rajasekaran
68185,Eric Schaeffer
1301700,Bruce Dellis
9168,Alan Parker
9108,Don Taylor
16304,Brian Koppelman
96676,Tomm Moore
65134,DJ Pooh
16958,Randy Barbato
67910,David Atkins
1263110,Travis Legge
15218,James Gunn
232216,Carmen Marron
83070,Scott Marshall
2636,Alfred Hitchcock
72344,Asger Leth
133684,Tim Boxell
142013,Gareth Evans
45459,Mike Cahill
29783,Fred Durst
231431,Thomas Lilti
24248,Nigel Cole
88837,Larry Blamire
56710,Oliver Parker
127823,Agustín Díaz Yanes
18669,J. Lee Thompson
1027017,Dan Cutforth
4339,Paul Crowder
29605,Mikael Håfström
54781,Allison Burnett
561061,Neil Nightingale
7130,Scott Alexander
18069,Brian Gibson
16294,Jonathan Demme
26481,Anand Tucker
5140,Wes Craven
21246,Corbin Bernsen
58868,Troy Miller
69597,Drew Barrymore
1776,Francis Ford Coppola
65317,Jake Scott
107039,Sacha Bennett
1066308,Aaron T. Wells
1062805,John Maclean
1410294,Stephen Greene
17016,Neil Jordan
34611,Howard Zieff
59023,Stewart Raffill
56146,Gaëtan Brizzi
37626,Patrice Leconte
31511,Grant Heslov
127936,Chris Stokes
568822,Mary Pat Kelly
16328,Adam Brooks
31033,Oxide Pang Chun
25210,Jeremy Leven
90,Isabel Coixet
9032,Bryan Singer
13980,Vincente Minnelli
2419,Jean-Pierre Jeunet
19850,Catherine Hardwicke
16187,Jeannot Szwarc
53767,Roger Vadim
40863,Joe Swanberg
11887,Brad Silberling
55265,Jonathan Silverman
1122434,Chris Atkins
35736,Karan Johar
5281,Spike Lee
1330498,Rania Attieh
14597,Gaspar Noé
2352,Jean-Jacques Annaud
76248,Kevin Hench
27846,John Herzfeld
12080,Conrad Vernon
217174,Paul Tibbitt
80537,Dave Borthwick
21136,Michael Cristofer
126597,Stéphane Aubier
1413504,Shyam Madiraju
10179,John Glen
15002,Dean Parisot
8557,Fernando Meirelles
97591,Joel Anderson
479587,Dylan Bank
930628,Lori Silverbush
2388,Jonathan Frakes
17278,Nick Gomez
61970,Ben Gluck
101377,Paul Bartel
66190,Tony Bancroft
84165,Michael Dinner
17494,Dennis Dugan
114545,Ivan Engler
14999,George A. Romero
1393858,Stanton Barrett
52139,Seth MacFarlane
116805,Paul Feig
155747,David M. Matthews
1432207,Rafa Lara
9340,Lana Wachowski
1462,Tim Blake Nelson
63852,Warren P. Sonoda
147021,S.S. Rajamouli
35796,Craig Mazin
12714,Zack Ward
94471,Jon Gunn
879,Billy Bob Thornton
90575,Daniel Schechter
80999,Fyodor Bondarchuk
1158417,Victor Teran
16356,Steve Bendelack
13563,Norman Jewison
78160,Luca Guadagnino
6198,Vondie Curtis-Hall
76245,Adam Carolla
1384771,Jennifer Wynne Farmer
125738,Daniel Espinosa
24657,Franco Zeffirelli
107725,Harmage Singh Kalirai
582527,Eric England
82335,Richard Glatzer
55948,Alan Smithee
105882,Neema Barnette
17403,Mike Judge
21339,Jez Butterworth
122582,Jake Paltrow
29226,Julian Jarrold
66039,Damon Santostefano
23799,Uwe Boll
554948,Chao-Bin Su
7678,Hart Bochner
21879,Simon Wells
57962,Mort Nathan
226599,Norman Ferguson
82337,Wash Westmoreland
1041549,Justin Thomas Ostensen
15892,Dan Fogelman
1571422,Warren Sheppard
133406,Dan Rush
1027018,Jane Lipsitz
2223,Fred Savage
66193,Chris Sanders
8789,Mathieu Amalric
1150712,Tommy Oliver
107446,Phil Lord
80540,Stig Bergqvist
53671,Rakeysh Omprakash Mehra
89824,Jon Wright
185438,Genndy Tartakovsky
7131,Larry Karaszewski
25950,Jean-Paul Rappeneau
82286,Marc Levin
58453,Peter Faiman
26882,Kiyoshi Kurosawa
9049,Victor Fleming
77921,Hideaki Anno
769,Martin Brest
21693,Motonori Sakakibara
87537,Yoon Je-kyoon
17510,Ol Parker
53708,Ira Sachs
87082,Jim Mickle
65428,Michael Haigney
936154,Stephen St. Leger
29342,Noel Marshall
664,Frank Marshall
81718,Mamoru Hosoda
66116,Mark Brown
2036,Alex Garland
1018699,Corey Grant
5872,Joshua Marston
1004172,Mora Stephens
10828,Guillermo del Toro
53068,Ryan Fleck
1454563,Aaron Hann
84769,Michael Worth
67897,Jeff Kanew
72624,John Duigan
69498,Mike Bigelow
111588,J Blakeson
137427,Denis Villeneuve
58448,Penelope Spheeris
78021,Lloyd Kaufman
64992,Hou Hsiao-hsien
31493,Alex Cox
28239,David Twohy
71080,Hitoshi Matsumoto
30149,Mikael Salomon
10855,Chris Gorak
227945,Stefan C. Schaefer
3289,Paul Weitz
1275019,Tom Walsh
21415,Robby Henson
1978,Iain Softley
39996,Sidney Lumet
69237,Joe Berlinger
65133,Marcus Raboy
53014,Jessica Bendinger
57193,Gil Kenan
11013,Dan Harris
38516,Denys Arcand
93288,Sarah Gavron
1150,Brian De Palma
21958,Mark Rydell
1236679,Jonathan M. Goldstein
37360,Henry Hathaway
90591,Oren Peli
83730,Jonathan English
70250,Newt Arnold
19665,John Boorman
66739,Jonathan Liebesman
222098,Justin Molotnikov
1032536,Robert Stromberg
70651,Stephen Hillenburg
1375201,Ken Scott
57414,Richard Montoya
57692,Neal Brennan
12964,Michael Ritchie
3191,Risa Bramon Garcia
56828,Christopher Cain
1162816,Deborah Anderson
11430,Jim Handley
107274,Richard Rich
10586,Richard Lester
71329,Jonas Åkerlund
1161761,Catherine Gund
52629,Joseph Ruben
138322,Victor Nunez
80752,Shinji Higuchi
50767,Craig Gillespie
40864,Andrew Bujalski
2128,Leigh Whannell
36805,Audrey Wells
44179,Bruce Hunt
6201,Baz Luhrmann
131388,Bradley Rust Gray
938682,Patrik Forsberg
25453,Stefen Fangmeier
3288,Chris Weitz
31621,Jeff Burr
18844,John Madden
41670,Rebecca Miller
110695,Majid Majidi
68,Fritz Lang
5602,David Lynch
1182832,Anthony Powell
934,Russell Crowe
23880,Steven Seagal
565297,Jeff Newitt
51866,Rick Famuyiwa
18356,Stephen Herek
69987,Jérôme Salle
4109,Michael Curtiz
197,David Silverman
227439,Don Hall
4590,Russ Meyer
13284,Stanley Donen
84851,Hoyt Yeatman
116186,Lowell Sherman
62773,Anna Mastro
64211,Franck Khalfoun
6593,John Huston
8843,Mick Jackson
109978,Ian Fitzgibbon
17386,Laurent Cantet
68281,Justin Kerrigan
8482,Robert Mulligan
135113,André Øvredal
937439,Salvador Carrasco
592493,David Lowery
78040,Alex Kendrick
91602,Scandar Copti
47640,Clark Johnson
86437,John Eng
62872,Katja von Garnier
58498,Dominic Sena
87033,Julie Davis
58728,Andrei Konchalovsky
50582,Frederik Du Chau
68770,Mark Rosman
83224,Jamie Thraves
991853,David Rodriguez
18865,Louis Leterrier
98103,Richard Ayoade
5834,Robert Stevenson
1429671,Kirk Loudon
35005,Jeremy Brock
30711,Kenneth Lonergan
58324,Jean-François Richet
1058138,Peter M. Cohen
991868,Ari Sandel
7213,Jonathan Mostow
76100,Ben Stassen
69168,Leonard Farlinger
105363,Kate Connor
97579,Guy Maddin
10943,Francis Lawrence
9577,George Roy Hill
123990,Reed Cowan
19499,Kevin Munroe
7767,Sam Peckinpah
56714,Daisy von Scherler Mayer
5026,Akira Kurosawa
16378,Mary Harron
1184351,Georgia Hilton
129514,Peter H. Hunt
4755,David R. Ellis
11448,Allen Hughes
15810,Ron Clements
67367,Rian Johnson
37852,George Hickenlooper
62369,Olatunde Osunsanmi
21404,Kurt Voss
582841,Tom Seidman 
18500,Phil Joanou
73833,Bo Zenga
7501,Ronald Neame
16863,Todd Haynes
33433,Scott Hicks
77062,Damian Nieman
56539,Nicole Holofcener
123991,Steven Greenstreet
12632,Daniel Sackheim
11091,Brett Ratner
32813,Dominique Othenin-Girard
26095,John Patrick Shanley
126910,Derrick Borte
20133,Tod Williams
1704,Gore Verbinski
64140,Sanaa Hamri
52094,Jerry Jameson
6037,Colin Strause
52405,Michael Hoffman
1044250,Panos Cosmatos
88967,Greg Berlanti
21217,Jonathan Lynn
70520,Shane Meadows
1456123,Dena Seidel
293911,Scott Waugh
74396,Tomas Alfredson
557883,David Evans 
12028,John Moore
52935,John Francis Daley
583893,Ronan Chapalain
930627,Youssef Delara
52691,Anthony Stacchi
1341629,Sanjay Rawal
1027737,Robin Budd
93133,Christopher Scott Cherot
82839,Henry Alex Rubin
145142,Ciaran Foy
54507,Jon M. Chu
120229,Jafar Panahi
80215,Charles Stone III
1331465,Andrew Hyatt
21370,Roger Donaldson
72467,Thaddeus O'Sullivan
13015,Phillip Noyce
125044,Babar Ahmed
77965,Morten Tyldum
504,Tim Robbins
105648,Nat Faxon
17627,Lucile Hadzihalilovic
2087,Richard Fleischer
88323,Pat Holden
96745,Stephen Milburn Anderson
55189,Bruce McDonald
66856,Guillaume Ivernel
6220,Gurinder Chadha
985146,Jonathan Meyers
84369,Eugene Jarecki
20659,Marjane Satrapi
9033,Christopher McQuarrie
4385,Sergio Leone
1734565,Jaco Booyens
1120694,Jennifer Lee
21683,Oliver Schmitz
65310,Kenny Ortega
59521,Jaume Collet-Serra
15521,Ernest R. Dickerson
45407,Mark Duplass
75544,Jeremy Sims
70616,Gerald Potterton
21394,Gerry Lively
1296119,Na Hong-jin
17329,Neil Burger
11805,Frank Whaley
527607,Sean Durkin
21678,Olivier Assayas
55710,Adam McKay
77441,Darren Grant
34849,Ted Demme
51445,Eric Valette
21807,Billy Ray
125544,Tim Fywell
67781,Peter Kosminsky
16214,Mario Van Peebles
13294,Gene Kelly
25735,Christian Duguay
15287,Niki Caro
87178,Michael O. Sajbel
65167,Scott Cooper
96222,Laurie Collyer
34453,Kevin Bray
565524,Chatrichalerm Yukol
1560279,Neil Mcenery-West
18281,Donald Petrie
51984,Mimi Leder
554946,William Sachs
26849,Daniel Myrick
6159,Ron Howard
1271492,Philip Zlotorynski
5342,Mike Nichols
20646,Gabriele Muccino
56349,Victor Salva
80630,Martin Koolhoven
165787,Rich Moore
968998,Jeta Amata
132257,Giuliano Montaldo
1365766,Barrett Esposito
5691,Samuel Armstrong
67750,Liliana Cavani
309,Pedro Almodóvar
114404,Miguel Sapochnik
62116,Bille Woodruff
1291685,Taedong Park
1045480,Meiert Avis
1579630,Will Graham
14773,Don Siegel
85242,Kevin Jordan
158835,Sharron Miller
1208166,Brian Dorton
1082114,Timothy Bjorklund
589159,Matt Piedmont
9181,Edward Zwick
7087,Brad Bird
77357,Rupert Wyatt
97966,John 'Bud' Cardos
91252,Alex Rivera
57274,Panna Rittikrai
97618,David DeCoteau
55420,William Arntz
11770,John Carpenter
101518,Kevin Tancharoen
21183,Nicolas Winding Refn
1092607,Benjamin Renner
74272,Goran Dukic
76462,Richard Schenkman
59911,Daniele Luchetti
1058257,Emily Dell
37618,Andrew Dominik
55441,David Boyd
57214,Prachya Pinkaew
60923,Will Speck
66960,Dennie Gordon
11057,Robert Towne
1289580,Daniel Mellitz
15774,Chris Buck
19142,Kenneth Johnson
1024823,Brian A Miller
227438,Stephen Anderson
63571,Wilson Yip
13348,Howard Hughes
583023,Frank LaLoggia
15217,Zack Snyder
16957,Fenton Bailey
113641,Dewey Nicks
8029,Jimmy Hayward
21506,George Sidney
518,Danny DeVito
3317,Takeshi Kitano
80671,John Sanford
1553042,Justin Dillon
237884,Andrucha Waddington
1174031,George T. Miller
2228,Sean Penn
62768,William Brent Bell
22676,Ole Bornedal
18532,Jérôme Maison
78562,Phil Traill
14838,James Bridges
7467,David Fincher
36797,Robert Luketic
76705,Preston A. Whitmore II
6361,Nick Hamm
41039,Judd Apatow
30293,Arthur Rosson
929825,Ava DuVernay
1310518,Colin Minihan
223,Alejandro González Iñárritu
11090,Edgar Wright
59229,Damien Dante Wayans
3087,Robert Duvall
61371,Todd Edwards
115309,Khyentse Norbu
1188585,Kevin King
64743,Adam Marcus
61290,Matthew O'Callaghan
12677,Matthew Robbins
132812,Jonathan Parker
15277,Jon Favreau
1280037,Kate Barker-Froyland
210562,Catherine Jelski
71551,Lorene Scafaria
1031972,Paul Bunnell
24481,René Féret
1012105,Mikel Rueda
24528,Matthew R. Anderson
121873,Debra Granik
20907,Antoine Fuqua
87130,Mark A.Z. Dippé
142587,Greg Tiernan
586066,Doug Block
38023,Michael Patrick King
129894,Gareth Edwards
10099,Park Chan-wook
72197,Ferzan Ozpetek
132856,Tim Heidecker
11701,Angelina Jolie
68750,Robert Townsend
1686666,Livingston Oden
942084,Mark Illsley
94108,Dennis Iliadis
1491995,Rick de Oliveira
1187357,James Kerwin
228177,William Kaufman
21475,John Putch
45572,Ruggero Deodato
26502,Howard Deutch
56208,Lucrecia Martel
54248,Christopher B. Landon
15344,J.J. Abrams
646785,Kim Nguyen
64195,Joseph Zito
47333,John Wells
82219,Luis Valdez
56205,Atom Egoyan
35155,John Gray
42712,Tony Giglio
1467662,Charlie Levi
74626,Dan Reed
58294,George Armitage
76422,Ric Roman Waugh
19866,Guillaume Canet
71068,Phyllida Lloyd
2675,Darren Lynn Bousman
101399,Claudia Llosa
944713,John Stainton
15868,Uli Edel
94222,David Pastor
132876,Brad Peyton
12698,Bob Clark
133502,Simon Curtis
80602,Tyler Perry
65452,Mike Leigh
270361,Aleksey German
67896,Doug McHenry
4429,Jim Jarmusch
14674,George Cukor
150347,John Dower
58667,Wayne Beach
1562421,Eric Bugbee
1206,Jason Alexander
3776,Jean-Luc Godard
130482,Mary McGuckian
8965,Roland Joffé
61372,Tony Leech
52968,Russell Mulcahy
143079,Christian E. Christiansen
77300,Michael Schultz
1099862,Dean Israelite
57604,Joel Gallen
3905,William H. Macy
1321304,Patrick Ryan Sims
65630,Rob Letterman
117168,Hank Braxtan
60237,John A. Davis
60621,Jeff Franklin
21657,Vera Farmiga
6111,Mike Figgis
5306,Lasse Hallström
11720,Jiří Menzel
13776,John Frankenheimer
66121,"George Tillman, Jr."
121830,Nathan Greno
10723,Mike Newell
1272994,Jonathan van Tulleken
7314,Nick Park
152249,Jim O'Hanlon
22214,David Wain
656971,Joseph Dorman
1288700,Collin Schiffli
4081,Stanley Kramer
120246,Huck Botko
998842,Efram Potelle
26850,Eduardo Sánchez
92834,Randall Rubin
7623,Sam Raimi
63709,Craig R. Baxley
74569,Joby Harold
20709,Vincent Paronnaud
6284,Kay Pollak
545261,Cassandra Nicolaou
1514635,C. Fraser Press
3451,Mel Stuart
65856,Eric Leighton
18897,Jackie Chan
71280,Michael Dowse
99339,Ken Shapiro
21931,Chris Nahon
82194,Neill Blomkamp
59958,Jamie Blanks
564083,Tatiana von Furstenberg
114615,Patrick Doughtie
8193,Florian Henckel von Donnersmarck
996070,Charles Adelman
74339,Dave Willis
116330,Patrick Creadon
58165,Rocky Morton
51795,Tom Elkins
11614,M. Night Shyamalan
19272,Joe Russo
86270,Joseph Kosinski
120247,Andrew Gurland
54597,Joe Nussbaum
97026,John Luessenhop
15309,Lori Petty
228041,Márcio Garcia
1291408,Matthew Watts
201,Michel Gondry
41285,Kirsten Sheridan
64149,Peter Hastings
78297,Phil Vischer
11916,Liv Ullmann
56383,Kelly Reichardt
1018660,Tanner Beard
113682,Christopher Hutson
1388653,Anthony O'Brien
60438,Michael Landon Jr.
932088,Scott Speer
70580,Sadullah Şentürk
587519,Paolo Monico
57405,Jeff Schaffer
66880,Thorbjørn Christoffersen
20561,James Gray
129718,Shana Feste
52114,Jon Lucas
126763,Vivek Agnihotri
89467,Bob Giraldi
6349,Alan J. Pakula
130128,Jonas Elmer
1152981,Graham Annable
67834,Floyd Mutrux
52371,J.S. Cardone
4065,Fred Zinnemann
1194681,Michael Skolnik
223098,Will Canon
52934,Nicholas Stoller
52049,Jay Chandrasekhar
5192,Marco Kreuzpaintner
1046494,Kris Pearn
54525,Jaume Balagueró
1098107,Wayne Thornley
1650,François Truffaut
10808,Stephen Norrington
40385,Marcia Bennett
62514,Tommy O'Haver
225898,István Szabó
88832,Kyle Rankin
35770,Yash Chopra
75699,Lisa Cholodenko
83467,William A. Graham
56435,Stephen T. Kay
116357,Scott Stewart
59291,Alexandre Aja
58059,Chris Koch
66088,Ronald F. Maxwell
57446,Mark Romanek
3045,P.J. Hogan
1401541,Travis Cluff
141673,Jason Eisener
86295,Marc F. Adler
24045,Joseph Gordon-Levitt
139098,Derek Cianfrance
54050,Mark Waters
101767,Robert Butler
77162,Rodrigo García
136495,Damien Chazelle
23430,Timur Bekmambetov
77277,Nate Parker
105860,Kevin Carraway
130051,Craig Moss
240740,Daniel Junge
54176,Nicolas Guy
550857,Tim Chambers
18823,Dagur Kári
17597,Juan Carlos Fresnadillo
56998,Dwight H. Little
56506,William Dear
56198,Ari Folman
17108,Jonathan Caouette
12648,Bob Dolman
37630,Shekhar Kapur
11428,Paul Satterfield
2291,Paul McGuigan
1585252,Rob Hawk
5149,Bonnie Hunt
1380244,Blaž Završnik
1255,David Mamet
1210747,Aleksandr Veledinskiy
76230,Diane English
84021,Paul Gross
7791,Peter Howitt
3974,Miloš Forman
2689,Jeff Nathanson
3950,Len Wiseman
19069,Claude Chabrol
71600,Seth Gordon
108497,David Caffrey
5524,Andrew Adamson
59646,Kinka Usher
61069,Miguel Arteta
2294,Robert Rodriguez
45627,Nelson McCormick
3146,Billy Wilder
226089,Scott Moore
98094,Brett Piper
62854,Akiva Schaffer
57134,James Wong
65678,John Lafia
15337,John Polson
57594,John Cornell
9339,Lilly Wachowski
96172,Sam Levinson
101810,Benjamin Dickinson
20400,Tim Story
33317,David Leland
736,Menno Meyjes
1360240,Jim Chuchu
124748,Chris Renaud
55499,Scott Derrickson
57741,Mark Osborne
21712,Carl Franklin
13581,Brian Levant
19769,David Ayer
11357,Bruce Campbell
52038,Thomas Carter
65314,Giuseppe Tornatore
97942,Jonathan Teplitzky
53431,Nadine Labaki
559,Wally Pfister
18308,Steve Barron
17883,David O. Russell
15858,Tim Hunter
21371,Amy Holden Jones
70287,Will Finn
35734,Aaron Seltzer
1101410,Dave Green
582918,Nick Murphy 
4723,Brian Helgeland
96166,John Curran
884,Steve Buscemi
25873,Jon Cassar
48583,Anne Fontaine
566328,Michael Sucsy
1179590,Scott Walker
235820,Christopher Spencer
18863,Eric Darnell
132964,Drake Doremus
168330,Ben Lewin
18898,Rob Minkoff
60922,Josh Gordon
19450,Bob Rafelson
217587,Leslye Headland
125637,Brian Baugh
59410,Bob Odenkirk
42171,Jonathan Kaplan
55252,Tim Miller
1111709,Tom Putnam
34517,Trey Parker
111247,Alan Cohn
932248,Fede Alvarez
64735,Rob Hedden
11809,Rupert Wainwright
12098,Chris Miller
16927,Gérard Depardieu
81476,Ariel Vromen
81727,Darnell Martin
73588,Marc Schölermann
69737,C. Jay Cox
90429,Mike McCoy
1686667,Taylor Scott Olson
52845,Karey Kirkpatrick
85445,Rohan Sippy
55117,Matthew Bright
288712,Kurt Hale
108217,Jerry Rees
68574,Brad Copeland
56194,Paolo Sorrentino
1193602,Gia Coppola
67795,Steven Shainberg
17183,Jackie Earle Haley
39822,Rich Cowan
432629,Shintaro Shimosawa
94787,Joe Camp
61175,John Whitesell
56911,Les Mayfield
93905,Allan Dwan
73499,Bruce McCulloch
57090,Brett Leonard
56059,Patrick Read Johnson
41887,Michael Polish
154705,Chris Butler
222470,Todd Strauss-Schulson
74106,Anne Sundberg
8023,Kyle Balda
21377,Peter Medak
86293,Robert M. Young
84515,Katherine Brooks
51521,Robert Greenwald
1024216,Boris Rodriguez
66879,Kresten Vestbjerg Andersen
32765,Tony Richardson
212,David Cross
559968,Leslie Small
568267,Klaus Menzel
52894,Laurence Dunmore
117075,Henry Jaglom
160942,Norman Wright
7256,Lee Tamahori
51023,Marcus Dunstan
30870,Dave Payne
65734,Luke Greenfield
7399,Ben Stiller
1501366,Simeon Rice
33315,Richard Loncraine
230059,Matty Rich
139135,Lena Dunham
40230,Kevin Hooks
76812,Raymond Yip Wai-Man
928490,Camille Delamarre
1216147,Anthony Hemingway
18209,Claude Miller
1710652,Anonymous
54967,Sam Weisman
641437,Alex Smith
3415,Jerry Zucker
70777,Kevin Rodney Sullivan
60074,Jeff Garlin
1375378,David Ray
51864,Kasi Lemmons
1111710,Brenna Sanchez
1257827,Max Joseph
50460,Michael Mayer
74619,Sean Anders
1117026,Ritesh Batra
54590,Steve Rash
17439,Mike Mills
77076,Michael Corrente
119419,Deon Taylor
78914,Noam Murro
18596,Taylor Hackford
71555,Andrew Wilson
55018,Karim Aïnouz
70238,Chris Williams
96439,Nanette Burstein
27977,Leos Carax
7426,Duncan Tucker
66496,Adrienne Shelly
74600,Joshua Tickell
115226,Eric Mendelsohn
76009,Arie Posin
51917,Larry Clark
93916,Regardt van den Bergh
61373,Cory Edwards
56150,Ellory Elkayem
62020,Jack Sholder
85340,Eric Lartigau
1424519,Jerome Elston Scott
551463,Mike Flanagan
123912,Christophe Ali
1330499,Daniel Garcia
5892,David Hewlett
56147,Paul Brizzi
16544,Ted Kotcheff
81850,Duncan Jones
58164,Annabel Jankel
4483,Dustin Hoffman
19333,Dick Richards
64815,Robert Iscove
77123,Gonzalo López-Gallego
25527,Jason Connery
21692,Hironobu Sakaguchi
14172,Michael McCullers
238220,Oleg Stepchenko
83415,Michael McGowan
16589,Peter MacDonald
62721,Andrew Douglas
113225,Alan Poul
40256,D.J. Caruso
1281387,Clay Kaytis
46085,Luis Mandoki
227936,Benedek Fliegauf
550681,Nick Tomnay
1100753,Ryan Smith
21647,Gérard Krawczyk
134306,Kevin Sullivan
18204,Peter Kassovitz
82822,Phil Claydon
18254,Simon Wincer
72258,Steve Boyum
219861,Dinesh D'Souza
65242,Jack Perez
9248,Nora Ephron
90508,Ruairi Robinson
92015,Lu Chuan
16745,Melville Shavelson
1071,Tom Tykwer
64508,Sidney J. Furie
11447,Albert Hughes
4014,Paul W.S. Anderson
56661,Jonathan Levine
14392,Kathryn Bigelow
77003,Gavin O'Connor
74638,Karen Moncrieff
1056121,Ryan Coogler
67717,Michel Hazanavicius
68573,Walt Becker
68352,Carter Smith
47005,Alan Taylor
648,Philip Kaufman
29962,King Vidor
4955,Dario Argento
6495,Mira Nair
114396,John Reinhardt
40220,Kevin Brodie
10965,Chris Columbus
47275,Lajos Koltai
137262,Steve Purcell
146883,Paul Fierlinger
7018,Richard Curtis
74298,Francis Glebas
84061,Daniel Barnz
4782,Michael Crichton
16483,Sylvester Stallone
64901,Gordon Chan
55476,Nicholas Hytner
64194,Paweł Pawlikowski
51894,Juan Antonio Bayona
46076,Tom Dey
34740,Edmund Goulding
17246,Phil Morrison
12840,John Badham
1299380,Nima Nourizadeh
58220,Hugh Hudson
2042,Stephen Hopkins
119417,Gavin Wiesen
19304,John Schlesinger
36423,Tom Green
6482,John Singleton
1979,Kevin Spacey
86051,Joshua Logan
39819,Wayne Wang
17835,Ricky Gervais
1098477,Callan Brunker
66022,Pascal Arnold
258199,Michael Martin
87081,Dave McKean
1310498,Ivan Kavanagh
27889,Stephan Elliott
52112,Steve Carr
84437,Gabriela Tagliavini
86296,Jason Maurer
57199,Mark Mylod
96627,André Téchiné
5575,Akiva Goldsman
9158,Sharon Maguire
2746,Elia Kazan
6011,Michael Haneke
16767,Aki Kaurismäki
64883,Kang Je-gyu
122842,Rich Christiano
91603,Yaron Shani
59413,Ben Garant
54710,Jody Hill
1019303,Duke Johnson
15219,Marc Abraham
89113,John Robert Hoffman
49605,Ekachai Uekrongtham
18738,George Stevens
208138,Daniel Hsia
98541,Michael Hoffman Jr.
4910,Michael Clancy
124783,Perry Lang
57082,John Stockwell
7881,Jill Culton
57035,Reinhard Klooss
59210,Patrick Stettner
61087,Mennan Yapo
3556,Roman Polanski
87121,Vic Sarin
22677,Max Färberböck
151007,Peter Ramsey
57433,George Ogilvie
24318,Richard Benjamin
93911,Terence Davies
84697,E.L. Katz
60024,Liz Friedlander
20019,Lee Daniels
56739,Peter Chan
8452,Andrei Tarkovsky
130837,Stewart Hendler
76095,Jennifer Finnigan
1749,Leonard Nimoy
74105,Ricki Stern
1011,Susanne Bier
26205,James Bobin
5877,Vincenzo Natali
20824,Perry Andelin Blake
20219,J. Mackye Gruber
20305,Christopher Roberts
59803,Brenda Chapman
1480591,Enrique Begné
30368,Jon Kasdan
74907,Fabián Bielinsky
58189,Justin Lin
26714,John R. Leonetti
80538,Jean Duval
29700,David Winters
94155,Stefan Schwartz
5174,Barry Sonnenfeld
19311,Stephen Chbosky
63306,James Watkins
61571,Barry Skolnick
126125,Bill Plympton
54827,Dave Meyers
95972,Hans Petter Moland
27745,Robert C. Cooper
7775,Stephen Sommers
64191,Lawrence Guterman
938681,James Duffy
94011,Bill Melendez
83287,Lynne Ramsay
1018728,Jorge Gaggero
70738,Gary David Goldberg
4586,Pitof
11151,Nick Cassavetes
10757,Jane Campion
3131,Antonio Banderas
20779,Gary Sinyor
80570,Walter Lang
1179066,Wes Ball
60496,James Gartner
73161,Frank Nissen
545086,Beto Gómez
87378,Ayan Mukherjee
57742,John Stevenson
5065,David Frankel
8,Lee Unkrich
33094,Gary Sherman
50719,Rodman Flender
564,Richard Linklater
15115,Stefan Ruzowitzky
1110059,Travis Romero
56913,Stephen Carpenter
121588,Eric Lavaine
67619,Guy Green
36804,Peter Chelsom
12219,Jon Stewart
32427,W.S. Van Dyke
4956,Bernardo Bertolucci
9956,Chris Marker
75646,Bryan Barber
27571,David Slade
64722,John Carl Buechler
35318,Ken Annakin
2461,Mel Gibson
1215,Raja Gosnell
47773,Paul Mazursky
46297,Jay Russell
6737,Jay Roach
55789,Tate Taylor
10601,Joseph L. Mankiewicz
43141,Pete Travis
9200,John McNaughton
4759,David Kellogg
9915,Guy Hamilton
1009255,Jason Trost
56453,John Bonito
33192,Joel Edgerton
21768,Sylvain Chomet
56173,Mike Marvin
12890,Pete Docter
58628,Sara Sugarman
558929,David Robert Mitchell
1645102,Jason Miller
86662,David Sington
989831,Nicholas Fackler
1168852,Dave Carroll
32532,Brad Lewis
1098,Mark Helfrich
4027,Frank Darabont
93991,Soi Cheang
640,Chris Kentis
17764,Charles S. Dutton
31497,John Cromwell
234818,Christopher Erskin
66219,Mark Levin
107630,William Phillips
27875,Alex van Warmerdam
12112,Douglas Trumbull
41041,Christopher Smith
30422,Jack Smight
21126,Frédéric Auburtin
21771,Daniela Thomas
65627,Kris Isacsson
62541,Brandon Camp
53177,Brian Robbins
141503,David Lam
20310,Takashi Shimizu
36693,Richard Eyre
716,Emile Ardolino
642,Laura Lau
65594,John Michael McDonagh
16960,Valerie Faris
1044257,James Swirsky
106491,Mark Griffiths
59635,Jerry Zaks
110618,Cyrus Nowrasteh
1425142,Matt Jackson
71548,Peter Sollett
93022,Sol Tryon
145134,Jill Sprecher
1404799,Vicky Jewson
1921,George Nolfi
686,Willard Huyck
53935,Dito Montiel
11694,Doug Liman
122449,Steve James
118303,Nacho Vigalondo
1070340,Simon Yin
76447,Shimit Amin
57633,Rawson Marshall Thurber
89216,Robert D. Webb
12095,Cody Cameron
64163,Kimble Rendall
932993,Jamaa Fanaka
1288774,Cary Bell
64151,Mike Mitchell
130530,Christian Sesma
72034,Jacob Aaron Estes
1128,Agnieszka Holland
136153,Peter Atencio
19800,Richard Marquand
5696,Bruce Beresford
94831,Maggie Greenwald
57895,Robert Harmon
1046127,Jason Stone
56717,Tom Vaughan
57777,Darin Scott
58260,Martin Weisz
1271,Andy García
3092,Diane Keaton
1617,James Schamus
1219210,Mark Piznarski
1053020,Sterling Van Wagenen
1736589,Danny Provenzano
19244,Michael Winner
40243,Gil Junger
1110343,Lauren Lazin
939176,Becky Smith
138,Quentin Tarantino
53333,John Hillcoat
82221,Brendan Malloy
64227,Brandon Trost
86037,Jeff Crook
52479,Eli Craig
57454,Jonathan Jakubowicz
64061,Fred Schepisi
78188,Whit Stillman
57434,Amy Heckerling
76418,Stuart Gillard
17649,Alexander Witt
90525,Douglas Cheek
1216735,Paul Abascal
64331,Shim Hyung-Rae
2691,Tom Schulman
28904,Hugh Wilson
86038,Josh Crook
74341,Matt Maiellaro
76247,Charles Herman-Wurmfeld
56359,Lexi Alexander
1565981,Maksim Fadeev
17042,Greg Harrison
31,Tom Hanks
84461,Alice Wu
3388,James L. Brooks
5446,David Hand
1562428,James O'Brien
219961,Kim Farrant
302339,Lance Rivera
64141,David Gordon Green
16938,Renny Harlin
68519,Andrey Zvyagintsev
137064,Robert Moresco
58403,Glen Morgan
1311595,James Mather
158480,Dan Zukovic
74058,Charles Ferguson
1357,Christopher Doyle
47506,Drew Goddard
19242,Tony Gilroy
18342,Todd Graff
20921,Monte Hellman
52870,Tim Johnson
909318,Andrew Erwin
17447,Terry Zwigoff
44740,Richard Shepard
930701,Marius Markevicius
57370,Frank Coraci
144221,Brad Furman
17268,Ronny Yu
17087,Michael Moore
1053420,Josh Boone
116832,Patricia Cardoso
102627,Steve Carver
11432,T. Hee
1262197,Peter Lepeniotis
21085,Alex Proyas
688807,H.M. Coakley
69797,Dean DeBlois
20412,Michael Anderson
1302082,David F. Sandberg
1265056,Jorge R. Gutierrez
144430,Paul Donovan
142272,Henry Joost
5917,Ernie Barbarash
15056,Michael Gornick
1744,Robert Wise
6980,Émile Gaudreault
96369,Carlos Saura
52803,Etan Cohen
57206,Sally Potter
24886,Frédéric Forestier
57865,Álex de la Iglesia
117794,Chris Morris
114925,Richard Dutcher
37710,Peter Hyams
13848,Charlie Chaplin
223516,Benh Zeitlin
1201,Garry Marshall
1155992,Zoran Lisinac
109692,David E. Talbert
12079,Kelly Asbury
141824,George Jackson
52849,Louis C.K.
2523,Stuart Baird
543568,Kim Jee-woon
39104,Abel Ferrara
77121,Randall Miller
18854,Martin Ritt
999812,Bradley Parker
51851,Jake Kasdan
101233,Michael Winnick
43993,Christophe Barratier
66514,Adam Jay Epstein
1081445,Brandon Cronenberg
1009253,Jason Trost
51918,Harmony Korine
130822,Trent Cooper
78488,Cathy Malkasian
18525,Luc Jacquet
7832,Oliver Hirschbiegel
56106,Charles Shyer
59412,Michael Patrick Jann
10702,Martin Campbell
12804,Peter Yates
12833,Edward Burns
142007,Steve Trenbirth
65548,Rick Friedberg
6767,Larry Charles
91389,Mars Callahan
440517,Steve Taylor
80013,Trevor Matthews
14639,Mel Brooks
50583,Adam Rifkin
78023,Michael Herz
58822,Danny Steinmann
2150,Kevin Greutert
66983,Tom Kalin
17867,Tom McCarthy
225556,Salim Akil
139537,William Gazecki
74259,Brian Dannelly
7312,Angela Robinson
36147,Charles T. Kanganis
133183,Robert Lee King
16484,Joey Lauren Adams
122423,Yorgos Lanthimos
2632,Chris Rock
18679,Mark Tarlov
48980,David McNally
608,Hayao Miyazaki
131060,Chris D'Arienzo
1205756,Patrick Gilmore
9622,Eric Brevig
1284493,R.J. Cutler
1108,Shane Black
70110,Alan Yuen
75920,Jeremy Passmore
12099,Raman Hui
71267,Kirk De Micco
1167470,Gary Shore
1354959,Justin Tipping
16837,Mark Steven Johnson
6884,Patty Jenkins
1498767,Khalil Sullins
23532,Jason Bateman
22558,Nils Gaup
65298,Brian Henson
119367,Robert Cary
49555,Petter Næss
33349,Derick Martini
34692,Craig Bolotin
1288796,Gerard Johnstone
70890,Adam Green
956,Guy Ritchie
64210,Maïwenn
41270,Chuck Bowman
111085,Jean-Jacques Mantello
1519326,Justin Paul Miller
71872,Jeff Nichols
43652,Takashi Yamazaki
1448551,Mina T. Son
10395,Jon Poll
21684,Bong Joon-ho
52443,Jason Reitman
196769,Jonathan Wacks
4610,John Landis
1677569,Ken Roht
2293,Frank Miller
11472,Irwin Winkler
437833,Patricia Riggen
588015,Vijay Chandar
11218,Alfonso Cuarón
83281,Lenny Abrahamson
74971,Jem Cohen
109857,Thor Freudenthal
141688,Gary McKendry
7324,Pan Nalin
5231,Wolfgang Petersen
132857,Eric Wareheim
114646,Jesse Vaughan
95320,Rodrigo Cortés
4489,Steve Oedekerk
58137,Chris Noonan
15672,Nadia Tass
1219158,Scott Smith
1201090,Sherman Alexie
131455,Valerie Red-Horse
61983,Jason Marsden
1524,Harold Ramis
92490,Edward Conna
15358,Vic Armstrong
71418,Demian Lichtenstein
74924,Mabrouk El Mechri
6733,Dan Mazer
72133,Vicente Amorim
112630,Dean Wright
145304,Udayan Prasad
61411,Mark Dindal
57030,Gregor Jordan
11572,Carl Theodor Dreyer
62410,Sammo Hung
5345,Bennett Miller
27992,Brian Yuzna
57328,Barry W. Blaustein
583894,Pascal Vuong
74878,Tay Garnett
880,Ben Affleck
114597,Julie Anne Robinson
82511,Will Gluck
137467,Ben Wheatley
1318092,Paul J. Lombardi
7908,Frank Oz
82101,Robert Hall
2880,Emilio Estevez
17279,E. Elias Merhige
1223175,Elizabeth Allen Rosenbaum
15175,William Friedkin
155945,Jack Heller
42617,Antonia Bird
150641,Gary Halvorson
32983,Douglas McGrath
366,James Mangold
1043404,Michael Roemer
22012,David Worth
63943,Rowdy Herrington
36187,Bob Gosse
109745,Lee Toland Krieger
18378,Herbert Ross
1140160,Randy Moore
72450,Bob Saget
65429,Kunihiko Yuyama
550858,Qasim Basir
939123,Kat Coiro
170820,Ben Falcone
18533,Errol Morris
85822,Anthony C. Ferrante
12881,Gary Goldman
1532382,Joseph Mazzella
38774,Ray Lawrence
129921,Kief Davidson
71947,Gina Prince-Bythewood
231521,Eric Styles
58729,Albert Magnoli
78545,Conor McMahon
12058,Vicky Jenson
1514634,Darren Press
69719,Bruno Barreto
56381,James Toback
7482,Julian Schnabel
74655,Jeremy Saulnier
68412,Toshio Masuda
1263945,Damir Catic
2406,Mathieu Kassovitz
934803,Josh Trank
18320,Bronwen Hughes
63052,Julian Gilbey
58292,Aaron Schneider
126638,Mark Andrews
115627,Kevin Hamedani
78001,Juraj Jakubisko
221944,Katie Aselton
20308,Espen Sandberg
568322,Dan Trachtenberg
31211,Clive Barker
57997,Malcolm Goodwin
